Time,Day_of_week,Age_band_of_driver,Sex_of_driver,Educational_level,Vehicle_driver_relation,Driving_experience,Type_of_vehicle,Owner_of_vehicle,Service_year_of_vehicle,Defect_of_vehicle,Area_accident_occured,Lanes_or_Medians,Road_allignment,Types_of_Junction,Road_surface_type,Road_surface_conditions,Light_conditions,Weather_conditions,Type_of_collision,Number_of_vehicles_involved,Number_of_casualties,Vehicle_movement,Casualty_class,Sex_of_casualty,Age_band_of_casualty,Casualty_severity,Work_of_casuality,Fitness_of_casuality,Pedestrian_movement,Cause_of_accident,Accident_severity,Hour,Time_Period,Is_Weekend
1900-01-01 16:30:00,Thursday,31-50,Male,Junior high school,Employee,Above 10yr,Pick up upto 10Q,Owner,Unknown,No defect,Other,Undivided Two way,Tangent road with flat terrain,No junction,Asphalt roads,Wet or damp,Daylight,Raining,Vehicle with vehicle collision,2,2,Going straight,na,na,na,na,Driver,Normal,Not a Pedestrian,Other,Fatal injury,16,Afternoon,0
1900-01-01 16:30:00,Thursday,31-50,Male,Junior high school,Employee,5-10yr,Public (13?45 seats),Owner,Unknown,No defect,Other,Undivided Two way,Tangent road with flat terrain,No junction,Asphalt roads,Wet or damp,Daylight,Raining,Vehicle with vehicle collision,2,2,Going straight,Pedestrian,Female,18-30,3,Driver,Normal,Crossing from nearside - masked by parked or statioNot a Pedestrianry vehicle,Changing lane to the left,Fatal injury,16,Afternoon,0
1900-01-01 16:30:00,Thursday,Over 51,Male,High school,Employee,2-5yr,Automobile,Owner,Unknown,No defect,  Recreational areas,Undivided Two way,Tangent road with flat terrain,No junction,Asphalt roads,Wet or damp,Daylight,Raining,Collision with pedestrians,2,2,Going straight,Pedestrian,Male,Under 18,3,Driver,Normal,Not a Pedestrian,Changing lane to the right,Fatal injury,16,Afternoon,0
1900-01-01 17:40:00,Wednesday,Unknown,Female,High school,Owner,2-5yr,Pick up upto 10Q,Owner,Unknown,No defect, Church areas,Undivided Two way,Tangent road with flat terrain,No junction,Gravel roads,Dry,Daylight,Unknown,Vehicle with vehicle collision,2,1,Going straight,Pedestrian,Female,Over 51,3,Driver,Normal,Not a Pedestrian,No priority to pedestrian,Slight Injury,17,Afternoon,0
1900-01-01 17:40:00,Wednesday,18-30,Male,Junior high school,Employee,Below 1yr,Automobile,Other,1-2yr,No defect,  Recreational areas,other,Tangent road with flat terrain,No junction,Asphalt roads,Dry,Daylight,Unknown,Collision with roadside objects,2,1,Going straight,Driver or rider,Male,31-50,3,Driver,Normal,Not a Pedestrian,Overspeed,Slight Injury,17,Afternoon,0
1900-01-01 05:50:00,Tuesday,31-50,Male,Junior high school,Owner,Above 10yr,Lorry (41?100Q),Owner,5-10yrs,No defect,School areas,other,Tangent road with flat terrain,No junction,Asphalt roads,Wet or damp,Darkness - lights lit,Other,Vehicle with vehicle collision,2,1,Going straight,na,na,na,na,Driver,Normal,Not a Pedestrian,Changing lane to the left,Serious Injury,5,Night,0
1900-01-01 05:50:00,Tuesday,Unknown,Female,Junior high school,Employee,Above 10yr,Automobile,Owner,Unknown,No defect, Church areas,Double carriageway (median),Tangent road with flat terrain,No junction,Asphalt roads,Wet or damp,Darkness - lights lit,Other,Vehicle with vehicle collision,2,1,Going straight,Pedestrian,Male,18-30,3,Driver,Normal,Not a Pedestrian,No priority to vehicle,Serious Injury,5,Night,0
1900-01-01 06:53:00,Wednesday,Over 51,Male,Elementary school,Employee,2-5yr,Lorry (41?100Q),Owner,5-10yrs,No defect,Office areas,Two-way (divided with broken lines road marking),Tangent road with flat terrain,Other,Asphalt roads,Wet or damp,Darkness - lights lit,Normal,Vehicle with vehicle collision,2,1,Going straight,Driver or rider,Male,18-30,3,Driver,Normal,Not a Pedestrian,Changing lane to the right,Fatal injury,6,Morning,0
1900-01-01 06:53:00,Wednesday,18-30,Male,Junior high school,Employee,2-5yr,Lorry (41?100Q),Owner,2-5yrs,No defect,Residential areas,One way,Steep grade downward with mountainous terrain,Other,Asphalt roads,Wet or damp,Darkness - lights lit,Normal,Rollover,2,1,Going straight,na,na,na,na,Driver,Normal,Not a Pedestrian,No distancing,Fatal injury,6,Morning,0
1900-01-01 09:59:00,Tuesday,Over 51,Male,Unknown,Employee,Above 10yr,Lorry (41?100Q),Owner,Unknown,No defect,Other,One way,Tangent road with flat terrain,No junction,Asphalt roads,Dry,Daylight,Cloudy,Vehicle with vehicle collision,2,1,Moving Backward,Driver or rider,Male,18-30,3,Driver,Normal,Not a Pedestrian,No priority to pedestrian,Slight Injury,9,Morning,0
1900-01-01 09:59:00,Tuesday,Unknown,Male,Elementary school,Employee,5-10yr,Public (13?45 seats),Owner,Unknown,No defect,Other,Undivided Two way,Tangent road with flat terrain,No junction,Asphalt roads,Dry,Daylight,Cloudy,Vehicle with vehicle collision,2,1,Going straight,na,na,na,na,Driver,Normal,Not a Pedestrian,No distancing,Slight Injury,9,Morning,0
1900-01-01 14:30:00,Saturday,Under 18,Male,Junior high school,Employee,Below 1yr,Automobile,Governmental,1-2yr,No defect, Industrial areas,One way,Tangent road with flat terrain,Crossing,Asphalt roads,Wet or damp,Daylight,Normal,Vehicle with vehicle collision,2,1,Going straight,Pedestrian,Male,18-30,2,Driver,Normal,Not a Pedestrian,No priority to vehicle,Slight Injury,14,Afternoon,1
1900-01-01 14:30:00,Saturday,18-30,Male,Elementary school,Employee,Below 1yr,Other,Governmental,1-2yr,No defect, Church areas,other,Steep grade downward with mountainous terrain,Crossing,Asphalt roads,Wet or damp,Daylight,Normal,Collision with pedestrians,2,1,Going straight,Pedestrian,Male,Over 51,3,Driver,Normal,Not a Pedestrian,Other,Slight Injury,14,Afternoon,1
1900-01-01 17:50:00,Thursday,18-30,Male,Junior high school,Employee,Below 1yr,Other,Organization,1-2yr,No defect,Office areas,other,Tangent road with flat terrain,Y Shape,Asphalt roads,Wet or damp,Darkness - lights lit,Other,Vehicle with vehicle collision,2,3,Going straight,Driver or rider,Female,31-50,3,Driver,Normal,Not a Pedestrian,Driving carelessly,Slight Injury,17,Afternoon,0
1900-01-01 17:50:00,Thursday,31-50,Male,Junior high school,Employee,5-10yr,Other,Owner,Unknown,No defect,Office areas,Undivided Two way,Tangent road with flat terrain,Y Shape,Asphalt roads,Wet or damp,Darkness - lights lit,Other,Collision with roadside objects,2,3,Moving Backward,na,na,na,na,Driver,Normal,Not a Pedestrian,Changing lane to the left,Slight Injury,17,Afternoon,0
1900-01-01 17:50:00,Thursday,31-50,Male,Junior high school,Owner,5-10yr,Automobile,Owner,Unknown,No defect,Office areas,Double carriageway (median),Tangent road with flat terrain,Y Shape,Asphalt roads,Wet or damp,Darkness - lights lit,Other,Vehicle with vehicle collision,2,3,Going straight,Pedestrian,Male,Over 51,3,Driver,Normal,Crossing from nearside - masked by parked or statioNot a Pedestrianry vehicle,Driving carelessly,Slight Injury,17,Afternoon,0
1900-01-01 17:50:00,Thursday,31-50,Male,High school,Owner,5-10yr,Other,Owner,2-5yrs,No defect,Other,Two-way (divided with broken lines road marking),Tangent road with flat terrain,Y Shape,Asphalt roads,Wet or damp,Darkness - lights lit,Other,Rollover,2,3,Other,Driver or rider,Female,31-50,3,Driver,Normal,Not a Pedestrian,Changing lane to the left,Slight Injury,17,Afternoon,0
1900-01-01 19:08:00,Friday,18-30,Male,Junior high school,Employee,5-10yr,Lorry (41?100Q),Owner,Unknown,No defect,Office areas,Undivided Two way,Tangent road with flat terrain,No junction,Asphalt roads,Wet or damp,Darkness - lights lit,Normal,Vehicle with vehicle collision,1,1,Other,na,na,na,na,Self-employed,Normal,Not a Pedestrian,No priority to vehicle,Slight Injury,19,Evening,0
1900-01-01 13:11:00,Monday,Over 51,Male,Junior high school,Employee,2-5yr,Public (12 seats),Owner,Unknown,No defect,Other,Double carriageway (median),Tangent road with flat terrain,No junction,Gravel roads,Dry,Daylight,Normal,Vehicle with vehicle collision,3,1,Going straight,na,na,na,na,Self-employed,Normal,Not a Pedestrian,No distancing,Slight Injury,13,Afternoon,0
1900-01-01 13:11:00,Monday,31-50,Male,Elementary school,Employee,5-10yr,Lorry (41?100Q),Owner,Above 10yr,No defect, Industrial areas,Two-way (divided with broken lines road marking),Tangent road with flat terrain,No junction,Asphalt roads,Dry,Daylight,Normal,Vehicle with vehicle collision,3,1,Going straight,Driver or rider,Male,31-50,3,Driver,Normal,Not a Pedestrian,Changing lane to the right,Slight Injury,13,Afternoon,0
1900-01-01 13:11:00,Monday,Unknown,Male,Junior high school,Employee,2-5yr,Public (12 seats),Owner,Unknown,No defect,Residential areas,other,Tangent road with flat terrain,No junction,Asphalt roads,Dry,Daylight,Normal,Vehicle with vehicle collision,3,1,Going straight,Pedestrian,Male,18-30,3,Driver,Normal,Crossing from driver's nearside,Changing lane to the right,Slight Injury,13,Afternoon,0
1900-01-01 12:43:00,Monday,18-30,Male,Junior high school,Employee,Below 1yr,Lorry (41?100Q),Owner,Unknown,No defect,Other,Two-way (divided with broken lines road marking),Tangent road with flat terrain,T Shape,Asphalt roads,Dry,Daylight,Normal,Vehicle with vehicle collision,2,1,Going straight,Driver or rider,Male,31-50,3,Driver,Normal,Not a Pedestrian,Driving at high speed,Slight Injury,12,Afternoon,0
1900-01-01 12:43:00,Monday,Under 18,Male,Elementary school,Employee,2-5yr,Other,Owner,5-10yrs,No defect,Other,One way,Tangent road with flat terrain,T Shape,Asphalt roads,Dry,Daylight,Normal,Collision with roadside objects,2,1,Other,na,na,na,na,Driver,Normal,Not a Pedestrian,No distancing,Slight Injury,12,Afternoon,0
1900-01-01 08:49:00,Monday,31-50,Male,Junior high school,Employee,2-5yr,Lorry (41?100Q),Owner,1-2yr,No defect,Other,One way,Tangent road with flat terrain,No junction,Earth roads,Dry,Daylight,Unknown,Vehicle with vehicle collision,2,1,Going straight,Pedestrian,Male,18-30,3,Driver,Normal,Unknown or other,Changing lane to the right,Slight Injury,8,Morning,0
1900-01-01 08:49:00,Monday,Unknown,Male,Junior high school,Employee,2-5yr,Automobile,Owner,Unknown,No defect,Other,Undivided Two way,Tangent road with flat terrain,No junction,Asphalt roads,Dry,Daylight,Unknown,Vehicle with vehicle collision,2,1,Getting off,Driver or rider,Male,31-50,3,Driver,Normal,Not a Pedestrian,Changing lane to the left,Slight Injury,8,Morning,0
1900-01-01 18:27:00,Sunday,18-30,Male,Junior high school,Employee,5-10yr,Public (> 45 seats),Owner,Unknown,No defect,Other,Two-way (divided with broken lines road marking),Tangent road with flat terrain,No junction,Asphalt roads,Dry,Darkness - lights lit,Normal,Collision with roadside objects,1,1,Going straight,na,na,na,na,Driver,Normal,Not a Pedestrian,Getting off the vehicle improperly,Slight Injury,18,Evening,1
1900-01-01 11:00:00,Saturday,18-30,Male,Junior high school,Employee,5-10yr,Lorry (41?100Q),Governmental,Below 1yr,No defect,Residential areas,other,Steep grade downward with mountainous terrain,Crossing,Asphalt roads,Dry,Daylight,Normal,Collision with roadside objects,2,1,Going straight,Driver or rider,Male,18-30,3,Driver,Normal,Not a Pedestrian,Other,Slight Injury,11,Morning,1
1900-01-01 11:00:00,Saturday,Under 18,Male,Junior high school,Employee,5-10yr,Other,Owner,Unknown,No defect,Office areas,Two-way (divided with broken lines road marking),Tangent road with flat terrain,Crossing,Gravel roads,Dry,Daylight,Normal,Vehicle with vehicle collision,2,1,Going straight,na,na,na,na,Driver,Normal,Not a Pedestrian,Other,Slight Injury,11,Morning,1
1900-01-01 12:30:00,Friday,Unknown,Male,Junior high school,Owner,5-10yr,Other,Owner,Unknown,No defect,Office areas,Two-way (divided with broken lines road marking),Tangent road with flat terrain,No junction,Asphalt roads,Dry,Daylight,Normal,Vehicle with vehicle collision,2,2,Going straight,na,na,na,na,Self-employed,Normal,Not a Pedestrian,No distancing,Slight Injury,12,Afternoon,0
1900-01-01 12:30:00,Friday,Under 18,Male,Junior high school,Employee,2-5yr,Automobile,Owner,Unknown,No defect,Other,Two-way (divided with broken lines road marking),Tangent road with flat terrain,No junction,Asphalt roads,Dry,Daylight,Normal,Vehicle with vehicle collision,2,2,Going straight,Driver or rider,Female,31-50,3,Driver,Normal,Not a Pedestrian,No priority to vehicle,Slight Injury,12,Afternoon,0
1900-01-01 12:30:00,Friday,Under 18,Male,Junior high school,Employee,Below 1yr,Lorry (41?100Q),Owner,Above 10yr,No defect,Other,One way,Tangent road with flat terrain,No junction,Asphalt roads,Dry,Daylight,Normal,Vehicle with vehicle collision,2,2,Going straight,Driver or rider,Male,Over 51,3,Driver,Normal,Not a Pedestrian,Overtaking,Slight Injury,12,Afternoon,0
1900-01-01 15:52:00,Saturday,31-50,Male,Junior high school,Employee,1-2yr,Pick up upto 10Q,Owner,Unknown,No defect,Office areas,Two-way (divided with broken lines road marking),Tangent road with flat terrain,Y Shape,Earth roads,Dry,Daylight,Normal,Collision with roadside objects,1,1,Moving Backward,na,na,na,na,Driver,Normal,Not a Pedestrian,No priority to pedestrian,Serious Injury,15,Afternoon,1
1900-01-01 07:55:00,Monday,18-30,Male,Junior high school,Employee,Below 1yr,Automobile,Owner,2-5yrs,No defect,Office areas,Undivided Two way,Tangent road with flat terrain,Y Shape,Asphalt roads,Dry,Daylight,Normal,Vehicle with vehicle collision,2,2,Going straight,na,na,na,na,Driver,Normal,Not a Pedestrian,No distancing,Slight Injury,7,Morning,0
1900-01-01 07:55:00,Monday,31-50,Male,Junior high school,Employee,Above 10yr,Automobile,Owner,Unknown,No defect,Other,Two-way (divided with broken lines road marking),Tangent road with flat terrain,Y Shape,Asphalt roads,Dry,Daylight,Normal,Vehicle with vehicle collision,2,2,Other,Driver or rider,Male,Over 51,3,Driver,Normal,Not a Pedestrian,Changing lane to the right,Slight Injury,7,Morning,0
1900-01-01 07:55:00,Monday,31-50,Male,Junior high school,Employee,Below 1yr,Other,Owner,Unknown,No defect,Other,Two-way (divided with broken lines road marking),Tangent road with flat terrain,Y Shape,Asphalt roads,Dry,Daylight,Normal,Vehicle with vehicle collision,2,2,Going straight,Pedestrian,Female,31-50,2,Driver,Normal,Not a Pedestrian,Driving carelessly,Slight Injury,7,Morning,0
1900-01-01 18:10:00,Thursday,Unknown,Male,Junior high school,Employee,2-5yr,Automobile,Governmental,Unknown,No defect,Residential areas,Two-way (divided with broken lines road marking),Tangent road with flat terrain,Other,Asphalt roads,Dry,Darkness - lights lit,Other,Vehicle with vehicle collision,1,1,Going straight,Driver or rider,Male,18-30,3,Driver,Normal,Not a Pedestrian,Changing lane to the right,Slight Injury,18,Evening,0
1900-01-01 06:50:00,Saturday,31-50,Male,Junior high school,Employee,1-2yr,Stationwagen,Owner,1-2yr,No defect,Other,Undivided Two way,Tangent road with flat terrain,No junction,Asphalt roads,Wet or damp,Darkness - no lighting,Raining,Vehicle with vehicle collision,1,1,Going straight,na,na,na,na,Driver,Normal,Not a Pedestrian,Overtaking,Serious Injury,6,Morning,1
1900-01-01 20:20:00,Thursday,18-30,Male,Elementary school,Employee,5-10yr,Other,Owner,Unknown,No defect,Office areas,Undivided Two way,Tangent road with flat terrain,Y Shape,Earth roads,Wet or damp,Darkness - lights lit,Raining,Vehicle with vehicle collision,3,2,Going straight,Pedestrian,Male,18-30,3,Driver,Normal,Crossing from nearside - masked by parked or statioNot a Pedestrianry vehicle,Other,Slight Injury,20,Evening,0
1900-01-01 20:20:00,Thursday,31-50,Male,Junior high school,Owner,Below 1yr,Automobile,Owner,2-5yrs,No defect,Office areas,Undivided Two way,Tangent road with flat terrain,Y Shape,Asphalt roads,Wet or damp,Darkness - lights lit,Raining,Collision with roadside objects,3,2,Going straight,Pedestrian,Female,18-30,3,Driver,Normal,Not a Pedestrian,Driving to the left,Slight Injury,20,Evening,0
1900-01-01 20:20:00,Thursday,Under 18,Male,Junior high school,Employee,Below 1yr,Ridden horse,Owner,Unknown,No defect,Other,Undivided Two way,Tangent road with flat terrain,Y Shape,Asphalt roads,Wet or damp,Darkness - lights lit,Raining,Vehicle with vehicle collision,3,2,Moving Backward,Driver or rider,Male,5,3,Driver,Normal,Not a Pedestrian,Driving at high speed,Slight Injury,20,Evening,0
1900-01-01 11:15:00,Thursday,18-30,Male,Writing & reading,Employee,Below 1yr,Automobile,Owner,Unknown,No defect,Other,Two-way (divided with broken lines road marking),Tangent road with flat terrain,No junction,Asphalt roads,Wet or damp,Daylight,Raining,Collision with pedestrians,2,1,Going straight,na,na,na,na,Self-employed,Normal,Not a Pedestrian,Unknown,Slight Injury,11,Morning,0
1900-01-01 11:15:00,Thursday,Over 51,Male,Junior high school,Employee,1-2yr,Other,Owner,Above 10yr,No defect,Other,Undivided Two way,Tangent road with flat terrain,No junction,Asphalt roads,Wet or damp,Daylight,Raining,Collision with roadside objects,2,1,Going straight,na,na,na,na,Self-employed,Normal,Not a Pedestrian,Changing lane to the right,Slight Injury,11,Morning,0
1900-01-01 20:45:00,Monday,18-30,Male,Elementary school,Owner,5-10yr,Lorry (41?100Q),Owner,Unknown,No defect,Office areas,Two-way (divided with broken lines road marking),Tangent road with flat terrain,Y Shape,Asphalt roads,Dry,Darkness - lights lit,Normal,Collision with roadside objects,2,1,Going straight,Driver or rider,Male,18-30,3,Driver,Normal,Not a Pedestrian,No distancing,Slight Injury,20,Evening,0
1900-01-01 20:45:00,Monday,31-50,Male,Junior high school,Employee,2-5yr,Lorry (41?100Q),Owner,Above 10yr,No defect,Office areas,Two-way (divided with broken lines road marking),Tangent road with flat terrain,Y Shape,Asphalt roads,Dry,Darkness - lights lit,Normal,Vehicle with vehicle collision,2,1,Going straight,Pedestrian,Female,Under 18,3,Driver,Normal,Not a Pedestrian,Other,Slight Injury,20,Evening,0
1900-01-01 08:40:00,Friday,Unknown,Male,Junior high school,Owner,Below 1yr,Lorry (41?100Q),Owner,Unknown,No defect,Other,Two-way (divided with broken lines road marking),Steep grade downward with mountainous terrain,Y Shape,Asphalt roads,Wet or damp,Daylight,Other,Rollover,1,1,Going straight,Driver or rider,Male,31-50,3,Self-employed,Normal,Not a Pedestrian,No priority to vehicle,Slight Injury,8,Morning,0
1900-01-01 18:00:00,Friday,31-50,Male,Writing & reading,Employee,5-10yr,Stationwagen,Owner,Above 10yr,No defect, Church areas,other,Tangent road with flat terrain,No junction,Asphalt roads,Dry,Darkness - lights lit,Normal,Vehicle with vehicle collision,2,1,Going straight,na,na,na,na,Self-employed,Normal,Not a Pedestrian,Changing lane to the left,Slight Injury,18,Evening,0
1900-01-01 18:00:00,Friday,Unknown,Male,Writing & reading,Employee,5-10yr,Lorry (41?100Q),Governmental,Unknown,No defect, Industrial areas,Undivided Two way,Tangent road with flat terrain,No junction,Asphalt roads,Dry,Darkness - lights lit,Normal,Vehicle with vehicle collision,2,1,Going straight,Passenger,Male,31-50,3,Driver,Normal,Not a Pedestrian,No priority to pedestrian,Slight Injury,18,Evening,0
1900-01-01 09:40:00,Monday,18-30,Male,Junior high school,Employee,5-10yr,Automobile,Organization,2-5yrs,No defect,Other,Undivided Two way,Tangent road with flat terrain,No junction,Asphalt roads,Dry,Daylight,Other,Vehicle with vehicle collision,2,1,Going straight,Driver or rider,Male,Under 18,3,Employee,Normal,Not a Pedestrian,Overtaking,Slight Injury,9,Morning,0
1900-01-01 09:40:00,Monday,31-50,Male,Junior high school,Employee,2-5yr,Automobile,Owner,5-10yrs,No defect,Other,Two-way (divided with broken lines road marking),Tangent road with flat terrain,No junction,Asphalt roads,Dry,Daylight,Other,Vehicle with vehicle collision,2,1,Going straight,na,na,na,na,Driver,Normal,Not a Pedestrian,Driving carelessly,Slight Injury,9,Morning,0
1900-01-01 16:48:00,Wednesday,Unknown,Female,Junior high school,Employee,Above 10yr,Pick up upto 10Q,Owner,1-2yr,No defect,Office areas,Undivided Two way,Tangent road with mountainous terrain and,No junction,Earth roads,Dry,Daylight,Normal,Vehicle with vehicle collision,2,1,Going straight,na,na,na,na,Driver,Normal,Not a Pedestrian,No priority to vehicle,Slight Injury,16,Afternoon,0
1900-01-01 16:48:00,Wednesday,31-50,Male,Junior high school,Employee,5-10yr,Taxi,Owner,Unknown,No defect,Other,One way,Tangent road with flat terrain,No junction,Asphalt roads,Dry,Daylight,Normal,Vehicle with vehicle collision,2,1,Going straight,Driver or rider,Female,31-50,3,Driver,Normal,Not a Pedestrian,No priority to pedestrian,Slight Injury,16,Afternoon,0
1900-01-01 15:50:00,Monday,Unknown,Male,Junior high school,Employee,Above 10yr,Automobile,Owner,Unknown,No defect,  Recreational areas,Undivided Two way,Steep grade downward with mountainous terrain,No junction,Asphalt roads,Dry,Daylight,Normal,Vehicle with vehicle collision,1,1,Other,na,na,na,na,Driver,Normal,Not a Pedestrian,Changing lane to the right,Slight Injury,15,Afternoon,0
1900-01-01 16:30:00,Thursday,Unknown,Male,Junior high school,Employee,2-5yr,Automobile,Governmental,Unknown,No defect,Other,Two-way (divided with broken lines road marking),Steep grade downward with mountainous terrain,No junction,Asphalt roads,Dry,Daylight,Normal,Vehicle with vehicle collision,1,1,Going straight,Driver or rider,Male,18-30,3,Driver,Normal,Not a Pedestrian,Driving carelessly,Slight Injury,16,Afternoon,0
1900-01-01 17:40:00,Friday,Over 51,Male,Junior high school,Employee,Below 1yr,Automobile,Governmental,5-10yrs,No defect, Church areas,Two-way (divided with broken lines road marking),Tangent road with flat terrain,No junction,Asphalt roads,Dry,Darkness - lights lit,Normal,Collision with roadside objects,2,1,Going straight,na,na,na,na,Driver,Normal,Not a Pedestrian,Changing lane to the right,Slight Injury,17,Afternoon,0
1900-01-01 17:40:00,Friday,18-30,Male,Junior high school,Employee,Below 1yr,Long lorry,Owner,Unknown,No defect,Residential areas,Undivided Two way,Tangent road with flat terrain,No junction,Other,Dry,Darkness - lights lit,Normal,Vehicle with vehicle collision,2,1,Going straight,Driver or rider,Male,18-30,3,Driver,Normal,Not a Pedestrian,Changing lane to the right,Slight Injury,17,Afternoon,0
1900-01-01 17:20:00,Monday,Unknown,Male,Junior high school,Owner,5-10yr,Public (12 seats),Owner,5-10yrs,No defect,Office areas,Two-way (divided with broken lines road marking),Tangent road with flat terrain,Y Shape,Gravel roads,Wet or damp,Darkness - lights lit,Raining,Vehicle with vehicle collision,1,1,Going straight,Pedestrian,Female,31-50,3,Driver,Normal,Not a Pedestrian,Changing lane to the left,Slight Injury,17,Afternoon,0
1900-01-01 09:17:00,Tuesday,Unknown,Male,Junior high school,Employee,2-5yr,Pick up upto 10Q,Owner,2-5yrs,No defect,Other,Two-way (divided with broken lines road marking),Tangent road with flat terrain,No junction,Gravel roads,Dry,Daylight,Normal,Vehicle with vehicle collision,2,1,Going straight,Pedestrian,Female,31-50,3,Self-employed,Normal,Not a Pedestrian,Overturning,Slight Injury,9,Morning,0
1900-01-01 09:17:00,Tuesday,18-30,Male,Elementary school,Employee,Below 1yr,Automobile,Governmental,2-5yrs,No defect,Office areas,Undivided Two way,Tangent road with flat terrain,No junction,Asphalt roads,Dry,Daylight,Normal,Vehicle with vehicle collision,2,1,Going straight,Pedestrian,Female,31-50,3,Self-employed,Normal,Not a Pedestrian,Driving carelessly,Slight Injury,9,Morning,0
1900-01-01 03:59:00,Monday,18-30,Male,Junior high school,Employee,2-5yr,Other,Owner,Unknown,No defect,Office areas,other,Tangent road with flat terrain,Y Shape,Asphalt roads,Wet or damp,Darkness - lights lit,Raining,Collision with pedestrians,1,1,Moving Backward,na,na,na,na,Self-employed,Normal,Not a Pedestrian,No distancing,Slight Injury,3,Night,0
1900-01-01 16:00:00,Tuesday,Unknown,Male,Junior high school,Employee,5-10yr,Lorry (41?100Q),Owner,Unknown,No defect,Other,One way,Escarpments,No junction,Earth roads,Dry,Daylight,Normal,Vehicle with vehicle collision,2,1,Going straight,Driver or rider,Male,18-30,3,Self-employed,Normal,Not a Pedestrian,Driving carelessly,Slight Injury,16,Afternoon,0
1900-01-01 16:00:00,Tuesday,Under 18,Male,High school,Employee,Above 10yr,Automobile,Owner,Unknown,No defect,Residential areas,Undivided Two way,Tangent road with flat terrain,No junction,Asphalt roads,Dry,Daylight,Normal,Vehicle with vehicle collision,2,1,Going straight,na,na,na,na,Driver,Normal,Not a Pedestrian,Changing lane to the left,Slight Injury,16,Afternoon,0
1900-01-01 15:19:00,Sunday,31-50,Male,High school,Employee,Above 10yr,Pick up upto 10Q,Owner,Unknown,No defect,  Recreational areas,One way,Tangent road with flat terrain,No junction,Asphalt roads,Dry,Daylight,Normal,Vehicle with vehicle collision,2,1,Going straight,Driver or rider,Male,18-30,2,Self-employed,Normal,Not a Pedestrian,No priority to vehicle,Slight Injury,15,Afternoon,1
1900-01-01 15:19:00,Sunday,31-50,Male,Junior high school,Employee,5-10yr,Lorry (41?100Q),Owner,Unknown,No defect, Church areas,Undivided Two way,Tangent road with flat terrain,No junction,Asphalt roads,Dry,Daylight,Normal,Vehicle with vehicle collision,2,1,Going straight,na,na,na,na,Self-employed,Normal,Not a Pedestrian,Changing lane to the right,Slight Injury,15,Afternoon,1
1900-01-01 08:00:00,Monday,18-30,Male,Elementary school,Employee,1-2yr,Lorry (41?100Q),Owner,Unknown,No defect,Other,One way,Tangent road with flat terrain,No junction,Asphalt roads,Wet or damp,Daylight,Other,Vehicle with vehicle collision,2,1,Going straight,Driver or rider,Male,18-30,3,Self-employed,Normal,Not a Pedestrian,No distancing,Slight Injury,8,Morning,0
1900-01-01 08:00:00,Monday,Under 18,Male,Elementary school,Employee,5-10yr,Long lorry,Owner,Unknown,No defect,Other,Undivided Two way,Tangent road with flat terrain,No junction,Earth roads,Wet or damp,Daylight,Other,Vehicle with vehicle collision,2,1,Going straight,Driver or rider,Female,18-30,3,Driver,Normal,Not a Pedestrian,Moving Backward,Slight Injury,8,Morning,0
1900-01-01 13:24:00,Monday,Over 51,Male,Junior high school,Employee,5-10yr,Public (> 45 seats),Owner,Unknown,No defect,Other,Two-way (divided with broken lines road marking),Tangent road with flat terrain,Y Shape,Asphalt roads,Wet or damp,Daylight,Normal,Collision with roadside objects,2,2,Going straight,na,na,na,na,Driver,Normal,Not a Pedestrian,Overtaking,Slight Injury,13,Afternoon,0
1900-01-01 13:24:00,Monday,Over 51,Male,Junior high school,Employee,1-2yr,Public (> 45 seats),Governmental,Unknown,No defect,Residential areas,other,Tangent road with flat terrain,Y Shape,Asphalt roads,Wet or damp,Daylight,Normal,Vehicle with vehicle collision,2,2,Getting off,Driver or rider,Male,Over 51,3,Driver,Normal,Not a Pedestrian,Changing lane to the left,Slight Injury,13,Afternoon,0
1900-01-01 17:06:00,Thursday,18-30,Male,Junior high school,Owner,5-10yr,Automobile,Owner,Above 10yr,No defect,School areas,other,Tangent road with flat terrain,No junction,Asphalt roads,Wet or damp,Darkness - lights lit,Raining,Vehicle with vehicle collision,1,1,Going straight,na,na,na,na,Driver,Normal,Not a Pedestrian,Changing lane to the right,Slight Injury,17,Afternoon,0
1900-01-01 19:55:00,Wednesday,31-50,Male,High school,Owner,Above 10yr,Automobile,Owner,Above 10yr,No defect, Church areas,Two-way (divided with broken lines road marking),Tangent road with flat terrain,No junction,Asphalt roads,Wet or damp,Darkness - lights lit,Unknown,Vehicle with vehicle collision,2,1,Going straight,na,na,na,na,Self-employed,Normal,Not a Pedestrian,Overtaking,Slight Injury,19,Evening,0
1900-01-01 19:55:00,Wednesday,Unknown,Female,Junior high school,Owner,Below 1yr,Automobile,Owner,Above 10yr,No defect,Other,other,Tangent road with flat terrain,No junction,Asphalt roads,Wet or damp,Darkness - lights lit,Unknown,Vehicle with vehicle collision,2,1,Turnover,Driver or rider,Female,Under 18,3,Driver,Normal,Not a Pedestrian,Overloading,Slight Injury,19,Evening,0