Time,Day_of_week,Age_band_of_driver,Sex_of_driver,Educational_level,Vehicle_driver_relation,Driving_experience,Type_of_vehicle,Owner_of_vehicle,Service_year_of_vehicle,Defect_of_vehicle,Area_accident_occured,Lanes_or_Medians,Road_allignment,Types_of_Junction,Road_surface_type,Road_surface_conditions,Light_conditions,Weather_conditions,Type_of_collision,Number_of_vehicles_involved,Number_of_casualties,Vehicle_movement,Casualty_class,Sex_of_casualty,Age_band_of_casualty,Casualty_severity,Work_of_casuality,Fitness_of_casuality,Pedestrian_movement,Cause_of_accident,Accident_severity,Hour,Time_Period,Is_Weekend
1900-01-01 08:30:00,Sunday,Under 18,Male,Junior high school,Employee,Above 10yr,Public (12 seats),Owner,2-5yrs,No defect,Other,Two-way (divided with broken lines road marking),Tangent road with flat terrain,Y Shape,Asphalt roads,Dry,Daylight,Normal,Vehicle with vehicle collision,3,1,Going straight,na,na,na,na,Self-employed,Normal,Not a Pedestrian,Changing lane to the left,Serious Injury,8,Morning,1
1900-01-01 22:05:00,Monday,Unknown,Male,Junior high school,Employee,2-5yr,Lorry (41?100Q),Governmental,Unknown,No defect,Residential areas,Two-way (divided with broken lines road marking),Tangent road with flat terrain,Y Shape,Asphalt roads,Dry,Daylight,Normal,Vehicle with vehicle collision,2,2,Going straight,Driver or rider,Male,18-30,2,Driver,Normal,Not a Pedestrian,No priority to pedestrian,Serious Injury,22,Evening,0
1900-01-01 22:05:00,Monday,18-30,Male,Junior high school,Employee,Below 1yr,Automobile,Owner,2-5yrs,No defect,Office areas,Two-way (divided with broken lines road marking),Tangent road with flat terrain,Y Shape,Asphalt roads,Dry,Daylight,Normal,Collision with roadside objects,2,2,Going straight,Passenger,Female,18-30,3,Driver,Normal,Not a Pedestrian,Overtaking,Serious Injury,22,Evening,0
1900-01-01 15:30:00,Friday,18-30,Male,Junior high school,Employee,Below 1yr,Lorry (41?100Q),Owner,2-5yrs,No defect, Church areas,One way,Tangent road with flat terrain,Y Shape,Asphalt roads,Dry,Daylight,Normal,Vehicle with vehicle collision,2,2,Other,Driver or rider,Female,Over 51,3,Driver,Normal,Not a Pedestrian,Driving carelessly,Serious Injury,15,Afternoon,0
1900-01-01 15:30:00,Friday,Over 51,Male,Junior high school,Owner,5-10yr,Automobile,Owner,1-2yr,No defect,Other,Undivided Two way,Tangent road with flat terrain,Y Shape,Asphalt roads with some distress,Dry,Darkness - lights lit,Normal,Collision with roadside objects,2,3,Going straight,na,na,na,na,Driver,Normal,Not a Pedestrian,No priority to vehicle,Slight Injury,15,Afternoon,0
1900-01-01 15:30:00,Friday,Over 51,Female,Junior high school,Employee,2-5yr,Automobile,Owner,Above 10yr,No defect,  Market areas,other,Steep grade downward with mountainous terrain,Y Shape,Asphalt roads,Dry,Darkness - lights lit,Normal,Vehicle with vehicle collision,2,3,Going straight,Driver or rider,Male,18-30,3,Driver,Normal,Not a Pedestrian,No priority to pedestrian,Slight Injury,15,Afternoon,0
1900-01-01 21:15:00,Sunday,31-50,Male,Elementary school,Employee,Below 1yr,Stationwagen,Owner,Above 10yr,No defect,Other,Two-way (divided with broken lines road marking),Tangent road with mountainous terrain and,Y Shape,Asphalt roads,Dry,Darkness - lights lit,Normal,Vehicle with vehicle collision,2,3,Going straight,na,na,na,na,Self-employed,Normal,Not a Pedestrian,Changing lane to the right,Slight Injury,21,Evening,1
1900-01-01 21:15:00,Sunday,31-50,Male,Junior high school,Employee,2-5yr,Automobile,Owner,Unknown,No defect,Other,Undivided Two way,Tangent road with mountainous terrain and,Y Shape,Asphalt roads,Dry,Darkness - lights lit,Normal,Collision with roadside objects,2,3,Going straight,Driver or rider,Male,18-30,3,Driver,Normal,Not a Pedestrian,Driving carelessly,Slight Injury,21,Evening,1
1900-01-01 21:15:00,Sunday,18-30,Male,Junior high school,Employee,5-10yr,Automobile,Owner,Unknown,No defect, Church areas,Undivided Two way,Tangent road with flat terrain,Y Shape,Asphalt roads,Dry,Daylight,Normal,Vehicle with vehicle collision,1,1,Going straight,na,na,na,na,Driver,Normal,Not a Pedestrian,Changing lane to the right,Slight Injury,21,Evening,1
1900-01-01 21:15:00,Sunday,18-30,Male,High school,Employee,Above 10yr,Automobile,Governmental,1-2yr,No defect,Residential areas,Undivided Two way,Tangent road with flat terrain,Y Shape,Asphalt roads,Wet or damp,Daylight,Raining,Vehicle with vehicle collision,2,1,Going straight,na,na,na,na,Driver,Normal,Not a Pedestrian,Changing lane to the right,Slight Injury,21,Evening,1
1900-01-01 16:32:00,Monday,18-30,Male,High school,Employee,Above 10yr,Stationwagen,Owner,Unknown,No defect,Other,Undivided Two way,Tangent road with flat terrain,Y Shape,Earth roads,Wet or damp,Daylight,Raining,Collision with roadside objects,2,1,Moving Backward,Driver or rider,Male,31-50,3,Driver,Normal,Not a Pedestrian,Changing lane to the left,Slight Injury,16,Afternoon,0
1900-01-01 16:32:00,Monday,31-50,Male,Junior high school,Employee,5-10yr,Automobile,Owner,Unknown,No defect,Other,Two-way (divided with broken lines road marking),Tangent road with flat terrain,Y Shape,Asphalt roads,Wet or damp,Daylight,Raining,Collision with roadside objects,4,1,Moving Backward,Driver or rider,Male,31-50,3,Driver,Normal,Not a Pedestrian,Overturning,Slight Injury,16,Afternoon,0
1900-01-01 16:32:00,Monday,Over 51,Male,Elementary school,Employee,1-2yr,Other,Owner,Unknown,No defect,Other,Double carriageway (median),Tangent road with flat terrain,Y Shape,Asphalt roads,Wet or damp,Daylight,Raining,Vehicle with vehicle collision,4,1,Going straight,na,na,na,na,Driver,Normal,Not a Pedestrian,Driving carelessly,Slight Injury,16,Afternoon,0
1900-01-01 15:30:00,Friday,31-50,Male,Elementary school,Employee,5-10yr,Other,Owner,Unknown,No defect,  Recreational areas,Two-way (divided with broken lines road marking),Tangent road with flat terrain,Y Shape,Asphalt roads,Wet or damp,Daylight,Raining,Vehicle with vehicle collision,4,1,Going straight,Driver or rider,Male,31-50,3,Driver,Normal,Not a Pedestrian,No distancing,Slight Injury,15,Afternoon,0
1900-01-01 15:30:00,Friday,31-50,Male,Junior high school,Employee,5-10yr,Automobile,Owner,Unknown,No defect,  Recreational areas,One way,Tangent road with flat terrain,Y Shape,Asphalt roads,Wet or damp,Daylight,Raining,Vehicle with vehicle collision,4,1,Turnover,na,na,na,na,Driver,Normal,Not a Pedestrian,Driving carelessly,Slight Injury,15,Afternoon,0
1900-01-01 14:45:00,Saturday,Over 51,Male,Junior high school,Employee,1-2yr,Lorry (41?100Q),Owner,Unknown,No defect,Other,Two-way (divided with broken lines road marking),Tangent road with flat terrain,Y Shape,Asphalt roads,Dry,Daylight,Normal,Vehicle with vehicle collision,2,2,Going straight,na,na,na,na,Self-employed,Normal,Not a Pedestrian,Changing lane to the left,Slight Injury,14,Afternoon,1
1900-01-01 19:30:00,Wednesday,31-50,Male,Junior high school,Owner,5-10yr,Lorry (41?100Q),Organization,1-2yr,No defect,Office areas,Two-way (divided with broken lines road marking),Tangent road with flat terrain,Y Shape,Asphalt roads,Dry,Daylight,Normal,Vehicle with vehicle collision,2,2,Going straight,Driver or rider,Male,31-50,3,Driver,Normal,Not a Pedestrian,No priority to vehicle,Slight Injury,19,Evening,0
1900-01-01 19:30:00,Wednesday,Over 51,Female,High school,Owner,Above 10yr,Lorry (41?100Q),Owner,2-5yrs,No defect,Residential areas,Two-way (divided with broken lines road marking),Tangent road with flat terrain,Y Shape,Asphalt roads,Dry,Daylight,Normal,Vehicle with vehicle collision,2,2,Going straight,Driver or rider,Male,Under 18,2,Driver,Normal,Not a Pedestrian,Changing lane to the right,Slight Injury,19,Evening,0
1900-01-01 16:56:00,Friday,Over 51,Male,Junior high school,Owner,Below 1yr,Automobile,Owner,2-5yrs,No defect,Other,Two-way (divided with broken lines road marking),Tangent road with flat terrain,Y Shape,Asphalt roads,Wet or damp,Daylight,Normal,Vehicle with vehicle collision,1,1,Going straight,na,na,na,na,Driver,Normal,Not a Pedestrian,No distancing,Serious Injury,16,Afternoon,0
1900-01-01 17:50:00,Monday,18-30,Male,Writing & reading,Owner,5-10yr,Automobile,Owner,1-2yr,No defect,Residential areas,Undivided Two way,Steep grade downward with mountainous terrain,Y Shape,Asphalt roads,Dry,Daylight,Normal,Vehicle with vehicle collision,2,1,Going straight,Pedestrian,Male,31-50,3,Driver,Normal,Not a Pedestrian,Moving Backward,Serious Injury,17,Afternoon,0
1900-01-01 17:50:00,Monday,18-30,Male,Above high school,Employee,Above 10yr,Public (13?45 seats),Owner,Unknown,No defect, Church areas,Double carriageway (median),Tangent road with flat terrain,Y Shape,Asphalt roads,Dry,Daylight,Normal,Vehicle with vehicle collision,2,1,Going straight,Driver or rider,Female,31-50,3,Driver,Normal,Not a Pedestrian,Moving Backward,Serious Injury,17,Afternoon,0
1900-01-01 09:04:00,Tuesday,31-50,Male,High school,Employee,Below 1yr,Public (13?45 seats),Owner,2-5yrs,No defect,Other,One way,Tangent road with flat terrain,Y Shape,Asphalt roads,Dry,Daylight,Normal,Vehicle with vehicle collision,2,1,Going straight,na,na,na,na,Employee,Normal,Not a Pedestrian,No distancing,Serious Injury,9,Morning,0
1900-01-01 09:04:00,Tuesday,Over 51,Male,Junior high school,Employee,1-2yr,Lorry (41?100Q),Owner,5-10yrs,No defect,Office areas,Two-way (divided with broken lines road marking),Tangent road with mountainous terrain and,Y Shape,Gravel roads,Dry,Daylight,Normal,Vehicle with vehicle collision,2,1,Going straight,Driver or rider,Male,31-50,3,Driver,Normal,Not a Pedestrian,No distancing,Serious Injury,9,Morning,0
1900-01-01 10:40:00,Thursday,Over 51,Male,Junior high school,Employee,Above 10yr,Lorry (41?100Q),Owner,2-5yrs,No defect,Other,Undivided Two way,Tangent road with flat terrain,Y Shape,Asphalt roads,Dry,Daylight,Normal,Vehicle with vehicle collision,2,1,Going straight,na,na,na,na,Driver,Normal,Not a Pedestrian,No distancing,Slight Injury,10,Morning,0
1900-01-01 10:40:00,Thursday,Over 51,Female,Junior high school,Owner,Above 10yr,Public (12 seats),Owner,Unknown,No defect,  Recreational areas,Two-way (divided with broken lines road marking),Steep grade downward with mountainous terrain,Y Shape,Asphalt roads,Dry,Daylight,Normal,Vehicle with vehicle collision,2,1,Other,na,na,na,na,Self-employed,Normal,Not a Pedestrian,No priority to pedestrian,Slight Injury,10,Morning,0
1900-01-01 21:15:00,Thursday,18-30,Male,Junior high school,Employee,Above 10yr,Other,Owner,Unknown,No defect,Other,Undivided Two way,Tangent road with flat terrain,Y Shape,Asphalt roads,Dry,Daylight,Normal,Vehicle with vehicle collision,1,1,Getting off,Driver or rider,Female,5,3,Self-employed,Normal,Not a Pedestrian,Driving carelessly,Slight Injury,21,Evening,0
1900-01-01 21:15:00,Thursday,18-30,Male,Junior high school,Employee,No Licence,Lorry (41?100Q),Owner,1-2yr,No defect,Office areas,Two-way (divided with broken lines road marking),Tangent road with flat terrain,Y Shape,Asphalt roads,Wet or damp,Daylight,Raining,Vehicle with vehicle collision,1,1,Going straight,na,na,na,na,Employee,Normal,Not a Pedestrian,Changing lane to the right,Slight Injury,21,Evening,0
1900-01-01 16:00:00,Friday,Under 18,Male,Junior high school,Employee,1-2yr,Automobile,Governmental,Unknown,No defect,Residential areas,Undivided Two way,Tangent road with flat terrain,Y Shape,Asphalt roads,Dry,Daylight,Normal,Vehicle with vehicle collision,2,1,Going straight,Driver or rider,Female,31-50,3,Driver,Normal,Not a Pedestrian,Changing lane to the left,Slight Injury,16,Afternoon,0
1900-01-01 16:00:00,Friday,18-30,Male,Illiterate,Owner,1-2yr,Other,Owner,Unknown,No defect,Office areas,One way,Tangent road with flat terrain,Y Shape,Asphalt roads,Dry,Daylight,Normal,Vehicle with vehicle collision,2,1,Going straight,Pedestrian,Female,18-30,3,Driver,Normal,Not a Pedestrian,Driving carelessly,Slight Injury,16,Afternoon,0
1900-01-01 16:00:00,Friday,31-50,Male,Junior high school,Owner,Below 1yr,Motorcycle,Owner,Unknown,No defect,Office areas,Two-way (divided with broken lines road marking),Tangent road with flat terrain,Y Shape,Asphalt roads,Dry,Daylight,Normal,Vehicle with vehicle collision,1,1,Other,Pedestrian,Female,18-30,3,Employee,Normal,Not a Pedestrian,Driving carelessly,Slight Injury,16,Afternoon,0
1900-01-01 19:30:00,Saturday,18-30,Male,Junior high school,Owner,1-2yr,Automobile,Owner,Unknown,No defect, Church areas,Double carriageway (median),Tangent road with flat terrain,Y Shape,Asphalt roads,Dry,Daylight,Normal,Collision with roadside objects,2,2,Going straight,Driver or rider,Male,31-50,3,Self-employed,Normal,Not a Pedestrian,No distancing,Serious Injury,19,Evening,1
1900-01-01 19:30:00,Saturday,18-30,Male,Junior high school,Owner,2-5yr,Automobile,Owner,Unknown,No defect, Church areas,Undivided Two way,Tangent road with flat terrain,Y Shape,Asphalt roads,Dry,Daylight,Normal,Vehicle with vehicle collision,2,2,Moving Backward,na,na,na,na,Driver,Normal,Not a Pedestrian,Other,Serious Injury,19,Evening,1
1900-01-01 19:30:00,Saturday,18-30,Male,Unknown,Owner,5-10yr,Lorry (41?100Q),Owner,Unknown,No defect,Residential areas,Undivided Two way,Tangent road with flat terrain,Y Shape,Asphalt roads,Dry,Daylight,Normal,Collision with pedestrians,2,1,Other,Driver or rider,Male,18-30,3,Driver,Normal,Not a Pedestrian,Changing lane to the right,Slight Injury,19,Evening,1
1900-01-01 09:32:00,Sunday,31-50,Male,Unknown,Owner,Above 10yr,Automobile,Owner,Unknown,No defect,Other,Undivided Two way,Tangent road with flat terrain,Y Shape,Asphalt roads,Dry,Daylight,Normal,Vehicle with vehicle collision,2,1,Going straight,na,na,na,na,Self-employed,Normal,Not a Pedestrian,Changing lane to the right,Slight Injury,9,Morning,1
1900-01-01 09:32:00,Sunday,18-30,Male,Junior high school,Owner,2-5yr,Public (> 45 seats),Owner,Unknown,No defect,Other,other,Tangent road with flat terrain,Y Shape,Asphalt roads,Dry,Daylight,Normal,Collision with roadside objects,2,1,Going straight,Driver or rider,Male,31-50,3,Driver,Normal,Not a Pedestrian,No distancing,Slight Injury,9,Morning,1
1900-01-01 11:19:00,Wednesday,Over 51,Male,Elementary school,Owner,Above 10yr,Lorry (41?100Q),Owner,Unknown,No defect,Other,Undivided Two way,Tangent road with flat terrain,Y Shape,Asphalt roads,Dry,Daylight,Normal,Vehicle with vehicle collision,2,1,Going straight,na,na,na,na,Driver,Normal,Not a Pedestrian,No distancing,Slight Injury,11,Morning,0
1900-01-01 11:19:00,Wednesday,Over 51,Female,Writing & reading,Owner,5-10yr,Public (> 45 seats),Owner,2-5yrs,No defect,Residential areas,Undivided Two way,Tangent road with flat terrain,Y Shape,Asphalt roads,Dry,Daylight,Normal,Vehicle with vehicle collision,2,1,Going straight,Driver or rider,Female,18-30,3,Driver,Normal,Not a Pedestrian,Overturning,Slight Injury,11,Morning,0
1900-01-01 08:05:00,Friday,31-50,Male,Junior high school,Owner,5-10yr,Lorry (41?100Q),Owner,Unknown,No defect,Office areas,Undivided Two way,Tangent road with flat terrain,Y Shape,Asphalt roads,Dry,Daylight,Normal,Vehicle with vehicle collision,2,1,Going straight,Driver or rider,Female,18-30,3,Self-employed,Normal,Not a Pedestrian,Driving at high speed,Slight Injury,8,Morning,0
1900-01-01 06:26:00,Friday,18-30,Male,Junior high school,Owner,5-10yr,Lorry (41?100Q),Owner,Unknown,No defect,Residential areas,Undivided Two way,Tangent road with flat terrain,Y Shape,Asphalt roads,Dry,Daylight,Normal,Vehicle with vehicle collision,1,1,Going straight,na,na,na,na,Employee,Normal,Not a Pedestrian,No priority to vehicle,Slight Injury,6,Morning,0
1900-01-01 06:26:00,Friday,18-30,Male,Junior high school,Owner,Below 1yr,Lorry (41?100Q),Owner,Unknown,No defect,Other,Two-way (divided with broken lines road marking),Tangent road with flat terrain,Y Shape,Asphalt roads,Dry,Daylight,Normal,Vehicle with vehicle collision,2,1,Going straight,Driver or rider,Male,18-30,3,Driver,Normal,Not a Pedestrian,No priority to pedestrian,Slight Injury,6,Morning,0
1900-01-01 09:20:00,Thursday,18-30,Male,Junior high school,Owner,2-5yr,Public (12 seats),Owner,Unknown,No defect,Other,Two-way (divided with broken lines road marking),Tangent road with flat terrain,Y Shape,Asphalt roads,Dry,Daylight,Normal,Rollover,2,1,Going straight,na,na,na,na,Self-employed,Normal,Not a Pedestrian,No priority to vehicle,Slight Injury,9,Morning,0
1900-01-01 09:20:00,Thursday,18-30,Male,Elementary school,Employee,2-5yr,Public (12 seats),Owner,Unknown,No defect,  Recreational areas,Two-way (divided with broken lines road marking),Tangent road with flat terrain,Y Shape,Asphalt roads,Dry,Darkness - lights lit,Normal,Collision with roadside objects,1,1,Going straight,Driver or rider,Male,18-30,3,Driver,Normal,Not a Pedestrian,Other,Slight Injury,9,Morning,0
1900-01-01 09:25:00,Friday,31-50,Male,Junior high school,Employee,2-5yr,Stationwagen,Owner,5-10yrs,No defect, Church areas,One way,Tangent road with flat terrain,Y Shape,Asphalt roads,Dry,Daylight,Normal,Vehicle with vehicle collision,2,3,Going straight,na,na,na,na,Driver,Normal,Not a Pedestrian,Other,Slight Injury,9,Morning,0
1900-01-01 09:25:00,Friday,31-50,Male,Junior high school,Employee,2-5yr,Lorry (41?100Q),Owner,Unknown,No defect,School areas,Two-way (divided with broken lines road marking),Tangent road with flat terrain,Y Shape,Asphalt roads,Dry,Daylight,Normal,Vehicle with vehicle collision,2,3,Going straight,na,na,na,na,Driver,Normal,Not a Pedestrian,Moving Backward,Slight Injury,9,Morning,0
1900-01-01 17:50:00,Monday,Over 51,Male,Junior high school,Employee,5-10yr,Automobile,Owner,2-5yrs,No defect,Office areas,Undivided Two way,Tangent road with flat terrain,Y Shape,Asphalt roads,Dry,Daylight,Normal,Collision with roadside objects,2,3,Going straight,Driver or rider,Male,31-50,3,Driver,Normal,Not a Pedestrian,No distancing,Slight Injury,17,Afternoon,0
1900-01-01 17:50:00,Monday,31-50,Male,Junior high school,Employee,5-10yr,Pick up upto 10Q,Owner,1-2yr,No defect,Other,Two-way (divided with broken lines road marking),Tangent road with flat terrain,Y Shape,Asphalt roads,Dry,Daylight,Normal,Vehicle with vehicle collision,2,1,Going straight,Driver or rider,Male,18-30,3,Self-employed,Normal,Not a Pedestrian,Moving Backward,Slight Injury,17,Afternoon,0
1900-01-01 16:02:00,Sunday,31-50,Male,Junior high school,Employee,Above 10yr,Automobile,Owner,5-10yrs,No defect,Residential areas,Undivided Two way,Tangent road with flat terrain,Y Shape,Asphalt roads,Dry,Daylight,Normal,Vehicle with vehicle collision,2,1,Going straight,na,na,na,na,Driver,Normal,Not a Pedestrian,No priority to vehicle,Slight Injury,16,Afternoon,1
1900-01-01 16:02:00,Sunday,Under 18,Male,Elementary school,Employee,5-10yr,Public (13?45 seats),Owner,Above 10yr,No defect,Other,Undivided Two way,Tangent road with flat terrain,Y Shape,Earth roads,Dry,Darkness - lights lit,Normal,Vehicle with vehicle collision,3,1,Going straight,na,na,na,na,Driver,Normal,Not a Pedestrian,Driving carelessly,Slight Injury,16,Afternoon,1
1900-01-01 15:36:00,Tuesday,31-50,Male,Junior high school,Employee,5-10yr,Public (> 45 seats),Owner,1-2yr,No defect,Other,other,Steep grade downward with mountainous terrain,Y Shape,Asphalt roads,Dry,Darkness - lights lit,Normal,Vehicle with vehicle collision,3,1,Going straight,Driver or rider,Female,18-30,3,Driver,Normal,Not a Pedestrian,No distancing,Slight Injury,15,Afternoon,0
1900-01-01 15:36:00,Tuesday,Under 18,Male,Junior high school,Employee,Above 10yr,Stationwagen,Owner,2-5yrs,No defect,Office areas,One way,Steep grade downward with mountainous terrain,Y Shape,Asphalt roads,Dry,Darkness - lights lit,Normal,Vehicle with vehicle collision,3,1,Going straight,Passenger,Female,31-50,2,Self-employed,Normal,Not a Pedestrian,Other,Slight Injury,15,Afternoon,0
1900-01-01 20:46:00,Saturday,18-30,Male,Elementary school,Owner,5-10yr,Automobile,Owner,Unknown,No defect,Residential areas,Two-way (divided with broken lines road marking),Tangent road with flat terrain,Y Shape,Asphalt roads,Dry,Daylight,Normal,Vehicle with vehicle collision,3,3,Going straight,Driver or rider,Male,31-50,3,Driver,Normal,Not a Pedestrian,Changing lane to the right,Slight Injury,20,Evening,1
1900-01-01 20:46:00,Saturday,18-30,Male,Junior high school,Owner,5-10yr,Lorry (41?100Q),Owner,Unknown,No defect,Other,Two-way (divided with broken lines road marking),Tangent road with flat terrain,Y Shape,Asphalt roads,Dry,Daylight,Normal,Collision with pedestrians,3,3,Going straight,na,na,na,na,Driver,Normal,Not a Pedestrian,No distancing,Slight Injury,20,Evening,1
1900-01-01 07:25:00,Wednesday,31-50,Male,Junior high school,Employee,5-10yr,Stationwagen,Organization,2-5yrs,No defect,Residential areas,Undivided Two way,Tangent road with flat terrain,Y Shape,Earth roads,Dry,Daylight,Normal,Vehicle with vehicle collision,3,3,Going straight,Driver or rider,Male,18-30,3,Driver,Normal,Not a Pedestrian,Driving carelessly,Slight Injury,7,Morning,0
1900-01-01 07:25:00,Wednesday,Under 18,Male,Junior high school,Employee,Below 1yr,Lorry (41?100Q),Owner,Unknown,No defect, Church areas,Two-way (divided with broken lines road marking),Tangent road with flat terrain,Y Shape,Asphalt roads,Dry,Daylight,Normal,Collision with roadside objects,3,3,Turnover,na,na,na,na,Other,Normal,Not a Pedestrian,No distancing,Slight Injury,7,Morning,0
1900-01-01 19:58:00,Sunday,Over 51,Male,Junior high school,Employee,5-10yr,Public (12 seats),Governmental,Unknown,No defect,Residential areas,Two-way (divided with broken lines road marking),Tangent road with flat terrain,Y Shape,Asphalt roads,Dry,Daylight,Normal,Vehicle with vehicle collision,1,1,Moving Backward,na,na,na,na,Employee,Normal,Not a Pedestrian,No priority to vehicle,Serious Injury,19,Evening,1
1900-01-01 06:50:00,Wednesday,31-50,Male,Junior high school,Employee,5-10yr,Lorry (41?100Q),Owner,Unknown,No defect,Office areas,One way,Tangent road with flat terrain,Y Shape,Earth roads,Dry,Darkness - lights lit,Normal,Vehicle with vehicle collision,1,1,Going straight,Driver or rider,Male,18-30,3,Driver,Normal,Not a Pedestrian,Changing lane to the right,Serious Injury,6,Morning,0
1900-01-01 06:50:00,Wednesday,Under 18,Male,Junior high school,Employee,5-10yr,Other,Governmental,Below 1yr,No defect,Residential areas,Two-way (divided with broken lines road marking),Tangent road with flat terrain,Y Shape,Asphalt roads,Dry,Daylight,Normal,Vehicle with vehicle collision,2,1,Going straight,Pedestrian,Male,31-50,3,Self-employed,Normal,Unknown or other,No priority to pedestrian,Serious Injury,6,Morning,0
1900-01-01 12:08:00,Friday,18-30,Male,Junior high school,Employee,Above 10yr,Stationwagen,Owner,Unknown,No defect,Other,One way,Tangent road with flat terrain,Y Shape,Asphalt roads,Dry,Daylight,Normal,Vehicle with vehicle collision,2,1,Moving Backward,Passenger,Male,Over 51,3,Driver,Normal,Not a Pedestrian,No priority to vehicle,Serious Injury,12,Afternoon,0
1900-01-01 12:08:00,Friday,18-30,Female,High school,Employee,Above 10yr,Automobile,Owner,Unknown,No defect, Industrial areas,Two-way (divided with broken lines road marking),Tangent road with flat terrain,Y Shape,Asphalt roads,Dry,Daylight,Normal,Vehicle with vehicle collision,2,1,Going straight,Pedestrian,Female,18-30,2,Driver,Normal,Not a Pedestrian,Changing lane to the left,Slight Injury,12,Afternoon,0
1900-01-01 12:08:00,Friday,Over 51,Male,Junior high school,Employee,Above 10yr,Public (> 45 seats),Owner,Unknown,No defect, Church areas,Two-way (divided with broken lines road marking),Tangent road with flat terrain,Y Shape,Asphalt roads,Dry,Daylight,Normal,Vehicle with vehicle collision,2,1,Moving Backward,na,na,na,na,Driver,Normal,Not a Pedestrian,Turnover,Slight Injury,12,Afternoon,0
1900-01-01 18:40:00,Tuesday,31-50,Male,Junior high school,Employee,Above 10yr,Other,Owner,2-5yrs,No defect,Residential areas,Undivided Two way,Steep grade downward with mountainous terrain,Y Shape,Asphalt roads,Dry,Daylight,Normal,Vehicle with vehicle collision,2,1,Going straight,Driver or rider,Male,18-30,2,Driver,Normal,Not a Pedestrian,Driving to the left,Slight Injury,18,Evening,0
1900-01-01 18:40:00,Tuesday,Over 51,Male,Junior high school,Employee,Above 10yr,Lorry (41?100Q),Owner,Unknown,No defect,Other,Two-way (divided with broken lines road marking),Tangent road with flat terrain,Y Shape,Asphalt roads,Dry,Daylight,Normal,Vehicle with vehicle collision,2,1,Going straight,Pedestrian,Female,18-30,3,Self-employed,Normal,Not a Pedestrian,Driving carelessly,Slight Injury,18,Evening,0
1900-01-01 11:43:00,Sunday,Under 18,Female,Junior high school,Employee,Above 10yr,Automobile,Owner,Unknown,No defect,Other,Two-way (divided with broken lines road marking),Tangent road with flat terrain,Y Shape,Asphalt roads,Dry,Daylight,Normal,Vehicle with vehicle collision,1,1,Going straight,na,na,na,na,Self-employed,Normal,Not a Pedestrian,Driving to the left,Serious Injury,11,Morning,1
1900-01-01 11:43:00,Sunday,Over 51,Male,Junior high school,Employee,5-10yr,Public (> 45 seats),Owner,1-2yr,No defect,Office areas,Undivided Two way,Tangent road with flat terrain,Y Shape,Asphalt roads,Dry,Daylight,Normal,Collision with roadside objects,6,2,Other,Driver or rider,Male,18-30,3,Driver,Normal,Not a Pedestrian,Driving carelessly,Serious Injury,11,Morning,1
1900-01-01 12:00:00,Saturday,18-30,Male,Junior high school,Employee,2-5yr,Automobile,Owner,Above 10yr,No defect, Outside rural areas,Two-way (divided with broken lines road marking),Tangent road with mountainous terrain and,Y Shape,Asphalt roads,Dry,Daylight,Normal,Vehicle with vehicle collision,6,2,Other,na,na,na,na,Driver,Normal,Not a Pedestrian,No priority to pedestrian,Serious Injury,12,Afternoon,1
1900-01-01 12:00:00,Saturday,18-30,Male,Junior high school,Employee,Below 1yr,Automobile,Owner,Above 10yr,No defect, Church areas,Two-way (divided with broken lines road marking),Steep grade downward with mountainous terrain,Y Shape,Asphalt roads,Dry,Daylight,Normal,Collision with roadside objects,6,2,Going straight,na,na,na,na,Self-employed,Normal,Not a Pedestrian,Driving carelessly,Serious Injury,12,Afternoon,1
1900-01-01 08:58:00,Friday,31-50,Male,Junior high school,Employee,Below 1yr,Pick up upto 10Q,Owner,Unknown,No defect,Office areas,other,Tangent road with mountainous terrain and,Y Shape,Asphalt roads,Dry,Daylight,Normal,Vehicle with vehicle collision,6,2,Reversing,Driver or rider,Male,31-50,3,Driver,Normal,Not a Pedestrian,Changing lane to the right,Serious Injury,8,Morning,0
1900-01-01 08:20:00,Thursday,18-30,Male,Junior high school,Employee,2-5yr,Public (12 seats),Owner,Above 10yr,No defect, Church areas,Two-way (divided with broken lines road marking),Steep grade downward with mountainous terrain,Y Shape,Asphalt roads,Dry,Daylight,Normal,Vehicle with vehicle collision,6,2,Going straight,Driver or rider,Male,31-50,3,Self-employed,Normal,Not a Pedestrian,Moving Backward,Serious Injury,8,Morning,0
1900-01-01 23:10:00,Friday,18-30,Male,Elementary school,Employee,Below 1yr,Lorry (41?100Q),Owner,Unknown,No defect,Office areas,other,Tangent road with mountainous terrain and,Y Shape,Asphalt roads with some distress,Dry,Daylight,Normal,Vehicle with vehicle collision,6,2,Going straight,na,na,na,na,Driver,Normal,Not a Pedestrian,Driving carelessly,Serious Injury,23,Evening,0
1900-01-01 23:10:00,Friday,31-50,Male,Junior high school,Employee,Below 1yr,Lorry (41?100Q),Governmental,Unknown,No defect,Office areas,Undivided Two way,Tangent road with flat terrain,Y Shape,Asphalt roads,Dry,Daylight,Normal,Collision with pedestrians,2,2,Going straight,Driver or rider,Male,31-50,3,Driver,Normal,Not a Pedestrian,Changing lane to the right,Slight Injury,23,Evening,0
1900-01-01 22:30:00,Sunday,18-30,Male,Junior high school,Employee,5-10yr,Lorry (41?100Q),Owner,1-2yr,No defect,School areas,Two-way (divided with broken lines road marking),Tangent road with flat terrain,Y Shape,Asphalt roads,Dry,Daylight,Normal,Vehicle with vehicle collision,2,2,Going straight,na,na,na,na,Driver,Normal,Not a Pedestrian,Driving carelessly,Slight Injury,22,Evening,1